First Name,Last Name,Date of Birth,IdentificationNumber,Address,Phone Number,Checking Account Number,Savings Account Number,Credit Account Number,Checking Starting Balance,Savings Starting Balance,Credit Starting Balance, Password, Email,Credit Max
Daniel,A,"December 5,  1953",79,"500 W. University Ave, El Paso, TX 79968",9157475042,1078,2078,3078,1311.17,3198.85,-186.96,A*Daniel!987,DanielA@disney.com,3938.0
Grecia,Navarrete,"March 29,  2011",56,"500 W. University Ave, El Paso, TX 79968",9157475019,1055,2055,3055,1339.79,3901.29,-475.59,Navarrete*Grecia!987,GreciaNavarrete@disney.com,9308.0
Mufassa,Disney,"May 24,  1938",13,"1313 Disneyland Dr, Anaheim, CA 92802",7147814636,1012,2012,3012,1100.32,4801.11,-346.32,Disney*Mufassa!987,MufassaDisney@disney.com,8216.0
Hernan,Garcia,"March 29,  1964",57,"500 W. University Ave, El Paso, TX 79968",9157475020,1056,2056,3056,715.18,3305.52,-511.05,Garcia*Hernan!987,HernanGarcia@disney.com,3625.0
Donald,Duck,"June 14,  2009",2,"1313 Disneyland Dr, Anaheim, CA 92802",7147814636,1001,2001,3001,368.81,4911.33,-1239.22,Duck*Donald!987,DonaldDuck@disney.com,4778.0
Daniel,Mejia,"November 1,  2002",78,"500 W. University Ave, El Paso, TX 79968",9157475041,1077,2077,3077,138.72,642.59,-1368.18,Mejia*Daniel!987,DanielMejia@disney.com,8870.0
Daniel,B,"October 13,  1999",80,"500 W. University Ave, El Paso, TX 79968",9157475043,1079,2079,3079,1423.9,105.65,-1387.1,B*Daniel!987,DanielB@disney.com,3924.0
Peter,Pan,"October 18,  1954",15,"1313 Disneyland Dr, Anaheim, CA 92802",7147814636,1014,2014,3014,135.9,2200.51,-1274.09,Pan*Peter!987,PeterPan@disney.com,5738.0
Daniel,Z,"September 24,  2008",103,"500 W. University Ave, El Paso, TX 79968",9157475066,1102,2102,3102,1497.87,1857.88,-1908.51,Z*Daniel!987,DanielZ@disney.com,8559.0
Hercules,Disney,"March 27,  2004",33,"1313 Disneyland Dr, Anaheim, CA 92802",7147814636,1032,2032,3032,1275.9,4413.97,-1381.5,Disney*Hercules!987,HerculesDisney@disney.com,3335.0
Daniel,J,"December 19,  1939",88,"500 W. University Ave, El Paso, TX 79968",9157475051,1087,2087,3087,156.17,21.57,-197.37,J*Daniel!987,DanielJ@disney.com,5794.0
Ursela,Mermaid,"September 10,  1967",19,"1313 Disneyland Dr, Anaheim, CA 92802",7147814636,1018,2018,3018,402.17,1786.29,-1821.94,Mermaid*Ursela!987,UrselaMermaid@disney.com,4262.0
Daniel,K,"December 31,  2015",89,"500 W. University Ave, El Paso, TX 79968",9157475052,1088,2088,3088,1699.61,1577.7,-165.76,K*Daniel!987,DanielK@disney.com,6233.0
Manuel,Melendez Lujan,"July 10,  1966",67,"500 W. University Ave, El Paso, TX 79968",9157475030,1066,2066,3066,1531.84,97.69,-908.91,Melendez Lujan*Manuel!987,ManuelMelendez Lujan@disney.com,7454.0
Eduardo,Garcia,"September 25,  1954",50,"500 W. University Ave, El Paso, TX 79968",9157475013,1049,2049,3049,1659.23,3148.33,-1846.05,Garcia*Eduardo!987,EduardoGarcia@disney.com,3591.0
Aladdin,Disney,"July 30,  1976",11,"1313 Disneyland Dr, Anaheim, CA 92802",7147814636,1010,2010,3010,1090.55,3508.81,-1711.79,Disney*Aladdin!987,AladdinDisney@disney.com,9035.0
Captaiin,Hook,"December 8,  1990",27,"1313 Disneyland Dr, Anaheim, CA 92802",7147814636,1026,2026,3026,1794.39,4656.42,-330.97,Hook*Captaiin!987,CaptaiinHook@disney.com,8348.0
Robert,Evans,"July 3,  1944",72,"500 W. University Ave, El Paso, TX 79968",9157475035,1071,2071,3071,204.97,4087.67,-1569.94,Evans*Robert!987,RobertEvans@disney.com,9454.0
Dale,Disney,"January 29,  2012",7,"1313 Disneyland Dr, Anaheim, CA 92802",7147814636,1006,2006,3006,614.56,4839.86,-1485.87,Disney*Dale!987,DaleDisney@disney.com,3974.0
Woody,Disney,"January 24,  1934",16,"1313 Disneyland Dr, Anaheim, CA 92802",7147814636,1015,2015,3015,1085.79,595.11,-1105.12,Disney*Woody!987,WoodyDisney@disney.com,4456.0
Kaa,Disney,"February 5,  1938",28,"1313 Disneyland Dr, Anaheim, CA 92802",7147814636,1027,2027,3027,1789.52,4776.21,-1369.45,Disney*Kaa!987,KaaDisney@disney.com,5541.0
Daniel,I,"September 17,  1930",87,"500 W. University Ave, El Paso, TX 79968",9157475050,1086,2086,3086,653.47,4810.3,-168.05,I*Daniel!987,DanielI@disney.com,3734.0
Laurence,Labayen,"March 12,  1953",65,"500 W. University Ave, El Paso, TX 79968",9157475028,1064,2064,3064,1529.55,1732.34,-1264.46,Labayen*Laurence!987,LaurenceLabayen@disney.com,5489.0
Evil,Queen,"June 24,  1992",29,"1313 Disneyland Dr, Anaheim, CA 92802",7147814636,1028,2028,3028,1037.81,2431.06,-1759.08,Queen*Evil!987,EvilQueen@disney.com,8201.0
Anthony,Jasso,"April 12,  1936",42,"500 W. University Ave, El Paso, TX 79968",9157475005,1041,2041,3041,1565.16,2838.84,-539.99,Jasso*Anthony!987,AnthonyJasso@disney.com,6902.0
Mauricio,Ornelas-Gutierrez,"April 2,  1939",69,"500 W. University Ave, El Paso, TX 79968",9157475032,1068,2068,3068,1158.7,4973.67,-1775.99,Ornelas-Gutierrez*Mauricio!987,MauricioOrnelas-Gutierrez@disney.com,5421.0
Cesar,Cabrera,"November 11,  1956",45,"500 W. University Ave, El Paso, TX 79968",9157475008,1044,2044,3044,1541.07,3242.37,-477.05,Cabrera*Cesar!987,CesarCabrera@disney.com,9099.0
Lidice,Castro Jimenez,"September 9,  1967",66,"500 W. University Ave, El Paso, TX 79968",9157475029,1065,2065,3065,359.48,3495.16,-848.78,Castro Jimenez*Lidice!987,LidiceCastro Jimenez@disney.com,7909.0
Daniel,T,"October 15,  1938",97,"500 W. University Ave, El Paso, TX 79968",9157475060,1096,2096,3096,1575.93,3933.31,-5.74,T*Daniel!987,DanielT@disney.com,7789.0
Minh,Dang,"November 6,  1981",70,"500 W. University Ave, El Paso, TX 79968",9157475033,1069,2069,3069,623.41,4545.28,-1026.33,Dang*Minh!987,MinhDang@disney.com,6806.0
Daniel,L,"May 15,  1930",90,"500 W. University Ave, El Paso, TX 79968",9157475053,1089,2089,3089,679.06,3328.88,-244.06,L*Daniel!987,DanielL@disney.com,7403.0
Daniel,S,"February 3,  1961",96,"500 W. University Ave, El Paso, TX 79968",9157475059,1095,2095,3095,1251.38,4256.77,-1147.74,S*Daniel!987,DanielS@disney.com,8566.0
Khandoker,Rahad,"July 22,  2010",77,"500 W. University Ave, El Paso, TX 79968",9157475040,1076,2076,3076,1527.29,103.53,-1886.38,Rahad*Khandoker!987,KhandokerRahad@disney.com,3329.0
Nathan,Aun,"April 26,  1987",76,"500 W. University Ave, El Paso, TX 79968",9157475039,1075,2075,3075,450.95,3284.9,-736.91,Aun*Nathan!987,NathanAun@disney.com,7422.0
Aurora,Disney,"September 17,  1994",14,"1313 Disneyland Dr, Anaheim, CA 92802",7147814636,1013,2013,3013,568.75,4745.56,-715.58,Disney*Aurora!987,AuroraDisney@disney.com,7527.0
Sofia,Hernandez,"December 9,  2011",74,"500 W. University Ave, El Paso, TX 79968",9157475037,1073,2073,3073,764.74,3354.61,-984.84,Hernandez*Sofia!987,SofiaHernandez@disney.com,3692.0
Alyssandra,Cordero,"October 2,  1930",41,"500 W. University Ave, El Paso, TX 79968",9157475004,1040,2040,3040,975.7,1419.14,-622.78,Cordero*Alyssandra!987,AlyssandraCordero@disney.com,3117.0
Daniel,G,"June 23,  1965",85,"500 W. University Ave, El Paso, TX 79968",9157475048,1084,2084,3084,717.17,1686.03,-782.02,G*Daniel!987,DanielG@disney.com,7368.0
Daniel,P,"January 4,  1954",93,"500 W. University Ave, El Paso, TX 79968",9157475056,1092,2092,3092,953.44,2992.45,-1254.62,P*Daniel!987,DanielP@disney.com,9482.0
Federico,Marin,"May 31,  2004",53,"500 W. University Ave, El Paso, TX 79968",9157475016,1052,2052,3052,54.19,2324.71,-1721.32,Marin*Federico!987,FedericoMarin@disney.com,8840.0
Prince,Eric,"August 7,  2014",31,"1313 Disneyland Dr, Anaheim, CA 92802",7147814636,1030,2030,3030,1984.69,3944.06,-1147.04,Eric*Prince!987,PrinceEric@disney.com,3436.0
Daniel,D,"June 16,  1940",82,"500 W. University Ave, El Paso, TX 79968",9157475045,1081,2081,3081,79.25,516.12,-1438.09,D*Daniel!987,DanielD@disney.com,3327.0
Jafar,Aladdin,"July 2,  1930",18,"1313 Disneyland Dr, Anaheim, CA 92802",7147814636,1017,2017,3017,1036.42,1359.25,-1124.05,Aladdin*Jafar!987,JafarAladdin@disney.com,9544.0
Minnie,Mouse,"October 14,  1940",3,"1313 Disneyland Dr, Anaheim, CA 92802",7147814636,1002,2002,3002,61.38,41.82,-440.11,Mouse*Minnie!987,MinnieMouse@disney.com,7672.0
Laura,Blanco,"November 27,  1947",64,"500 W. University Ave, El Paso, TX 79968",9157475027,1063,2063,3063,1409.83,4980.68,-1728.0,Blanco*Laura!987,LauraBlanco@disney.com,8324.0
Yulianna,Torres,"June 4,  1953",75,"500 W. University Ave, El Paso, TX 79968",9157475038,1074,2074,3074,156.48,263.76,-1589.04,Torres*Yulianna!987,YuliannaTorres@disney.com,3662.0
Cruella,De Vil,"March 28,  1962",22,"1313 Disneyland Dr, Anaheim, CA 92802",7147814636,1021,2021,3021,1578.91,3934.52,-1145.01,De Vil*Cruella!987,CruellaDe Vil@disney.com,8983.0
Beast,Disney,"January 25,  1944",20,"1313 Disneyland Dr, Anaheim, CA 92802",7147814636,1019,2019,3019,1055.27,2723.58,-1415.03,Disney*Beast!987,BeastDisney@disney.com,8133.0
Stitch,Disney,"March 4,  1987",36,"1313 Disneyland Dr, Anaheim, CA 92802",7147814636,1035,2035,3035,1368.49,727.62,-91.13,Disney*Stitch!987,StitchDisney@disney.com,6113.0
Simba,King,"December 15,  1983",24,"1313 Disneyland Dr, Anaheim, CA 92802",7147814636,1023,2023,3023,1291.34,756.92,-782.42,King*Simba!987,SimbaKing@disney.com,9184.0
Daniel,N,"April 11,  1942",91,"500 W. University Ave, El Paso, TX 79968",9157475054,1090,2090,3090,1016.8,2149.51,-716.7,N*Daniel!987,DanielN@disney.com,4975.0
Chip,Disney,"October 28,  1965",6,"1313 Disneyland Dr, Anaheim, CA 92802",7147814636,1005,2005,3005,1137.71,4882.06,-1526.55,Disney*Chip!987,ChipDisney@disney.com,5881.0
Jose,Rodriguez Ortega,"March 6,  1989",59,"500 W. University Ave, El Paso, TX 79968",9157475022,1058,2058,3058,382.42,1369.33,-1946.74,Rodriguez Ortega*Jose!987,JoseRodriguez Ortega@disney.com,4464.0
Daniel,H,"July 11,  1982",86,"500 W. University Ave, El Paso, TX 79968",9157475049,1085,2085,3085,1615.38,2505.64,-366.29,H*Daniel!987,DanielH@disney.com,5450.0
David,Baptiste,"June 9,  1946",48,"500 W. University Ave, El Paso, TX 79968",9157475011,1047,2047,3047,1517.41,2516.98,-1982.26,Baptiste*David!987,DavidBaptiste@disney.com,4542.0
Dafne,Bencomo,"April 6,  1984",47,"500 W. University Ave, El Paso, TX 79968",9157475010,1046,2046,3046,1968.81,3443.4,-282.9,Bencomo*Dafne!987,DafneBencomo@disney.com,5986.0
Joseph,Medina - Sandoval,"August 27,  1955",60,"500 W. University Ave, El Paso, TX 79968",9157475023,1059,2059,3059,725.73,1400.78,-38.33,Medina - Sandoval*Joseph!987,JosephMedina - Sandoval@disney.com,9258.0
Daniel,Q,"October 1,  2001",94,"500 W. University Ave, El Paso, TX 79968",9157475057,1093,2093,3093,1427.95,2453.7,-731.09,Q*Daniel!987,DanielQ@disney.com,5752.0
Daniel,V,"July 27,  1944",99,"500 W. University Ave, El Paso, TX 79968",9157475062,1098,2098,3098,841.92,3651.41,-1721.86,V*Daniel!987,DanielV@disney.com,6221.0
Buzz,Lightyear,"January 25,  1931",17,"1313 Disneyland Dr, Anaheim, CA 92802",7147814636,1016,2016,3016,1732.99,3682.66,-1205.03,Lightyear*Buzz!987,BuzzLightyear@disney.com,3281.0
Scar,Lion,"December 20,  1957",23,"1313 Disneyland Dr, Anaheim, CA 92802",7147814636,1022,2022,3022,1928.48,481.37,-1140.91,Lion*Scar!987,ScarLion@disney.com,4650.0
Lilo,Disney,"August 22,  2013",35,"1313 Disneyland Dr, Anaheim, CA 92802",7147814636,1034,2034,3034,1448.11,2510.13,-1737.07,Disney*Lilo!987,LiloDisney@disney.com,7428.0
Estevan,Ramos,"October 18,  1969",52,"500 W. University Ave, El Paso, TX 79968",9157475015,1051,2051,3051,768.89,7.97,-1728.89,Ramos*Estevan!987,EstevanRamos@disney.com,3289.0
Mulan,Disney,"October 1,  1970",34,"1313 Disneyland Dr, Anaheim, CA 92802",7147814636,1033,2033,3033,823.82,254.44,-197.46,Disney*Mulan!987,MulanDisney@disney.com,7946.0
Juan,Gutierrez,"September 3,  1971",61,"500 W. University Ave, El Paso, TX 79968",9157475024,1060,2060,3060,1296.11,3349.49,-1561.53,Gutierrez*Juan!987,JuanGutierrez@disney.com,9494.0
Judith,Garcia,"June 21,  1971",63,"500 W. University Ave, El Paso, TX 79968",9157475026,1062,2062,3062,610.64,1412.89,-764.0,Garcia*Judith!987,JudithGarcia@disney.com,6023.0
Simba,Disney,"September 13,  1987",12,"1313 Disneyland Dr, Anaheim, CA 92802",7147814636,1011,2011,3011,1540.26,4728.96,-1912.0,Disney*Simba!987,SimbaDisney@disney.com,3789.0
Jasmine,Disney,"August 12,  1987",10,"1313 Disneyland Dr, Anaheim, CA 92802",7147814636,1009,2009,3009,1371.09,2621.87,-1163.2,Disney*Jasmine!987,JasmineDisney@disney.com,5310.0
Cinderella,Disney,"April 24,  2019",8,"1313 Disneyland Dr, Anaheim, CA 92802",7147814636,1007,2007,3007,923.35,4401.91,-626.65,Disney*Cinderella!987,CinderellaDisney@disney.com,4870.0
Isaiah,Landin,"May 21,  2009",58,"500 W. University Ave, El Paso, TX 79968",9157475021,1057,2057,3057,393.56,2289.13,-648.02,Landin*Isaiah!987,IsaiahLandin@disney.com,8601.0
Pluto,Disney,"June 10,  1993",5,"1313 Disneyland Dr, Anaheim, CA 92802",7147814636,1004,2004,3004,370.62,4140.15,-313.08,Disney*Pluto!987,PlutoDisney@disney.com,6118.0
Manuel,Ruvalcaba,"December 25,  1993",68,"500 W. University Ave, El Paso, TX 79968",9157475031,1067,2067,3067,680.64,2131.08,-314.17,Ruvalcaba*Manuel!987,ManuelRuvalcaba@disney.com,7474.0
Daniel,X,"June 29,  2003",101,"500 W. University Ave, El Paso, TX 79968",9157475064,1100,2100,3100,1244.07,534.43,-506.23,X*Daniel!987,DanielX@disney.com,6226.0
Daniel,E,"February 23,  1991",83,"500 W. University Ave, El Paso, TX 79968",9157475046,1082,2082,3082,818.28,2738.27,-1854.01,E*Daniel!987,DanielE@disney.com,9370.0
Gildardo,Orea,"September 17,  2017",55,"500 W. University Ave, El Paso, TX 79968",9157475018,1054,2054,3054,998.21,3656.15,-1651.12,Orea*Gildardo!987,GildardoOrea@disney.com,6218.0
Alfredo,Rodriguez,"May 13,  1965",40,"500 W. University Ave, El Paso, TX 79968",9157475003,1039,2039,3039,1799.85,3080.82,-519.11,Rodriguez*Alfredo!987,AlfredoRodriguez@disney.com,4559.0
Daniel,F,"March 13,  2005",84,"500 W. University Ave, El Paso, TX 79968",9157475047,1083,2083,3083,599.65,2848.19,-453.44,F*Daniel!987,DanielF@disney.com,6273.0
Shere,Khan,"June 21,  1997",26,"1313 Disneyland Dr, Anaheim, CA 92802",7147814636,1025,2025,3025,1901.78,4054.58,-241.58,Khan*Shere!987,ShereKhan@disney.com,5698.0
Christopher,Reyes,"August 21,  1993",46,"500 W. University Ave, El Paso, TX 79968",9157475009,1045,2045,3045,726.32,597.8,-1926.88,Reyes*Christopher!987,ChristopherReyes@disney.com,6269.0
Brandon,Bustamante,"July 5,  2006",44,"500 W. University Ave, El Paso, TX 79968",9157475007,1043,2043,3043,1626.2,364.38,-1999.64,Bustamante*Brandon!987,BrandonBustamante@disney.com,4685.0
Oscar,Decena,"July 23,  1928",71,"500 W. University Ave, El Paso, TX 79968",9157475034,1070,2070,3070,255.25,1436.44,-1522.57,Decena*Oscar!987,OscarDecena@disney.com,6832.0
Juan,Rabelo,"February 5,  1944",62,"500 W. University Ave, El Paso, TX 79968",9157475025,1061,2061,3061,1296.87,1657.81,-1936.56,Rabelo*Juan!987,JuanRabelo@disney.com,8306.0
Goofy,Disney,"December 8,  1968",4,"1313 Disneyland Dr, Anaheim, CA 92802",7147814636,1003,2003,3003,1765.58,4018.17,-208.05,Disney*Goofy!987,GoofyDisney@disney.com,4961.0
Daniel,O,"November 6,  1979",92,"500 W. University Ave, El Paso, TX 79968",9157475055,1091,2091,3091,140.53,1335.0,-602.69,O*Daniel!987,DanielO@disney.com,8467.0
Ervey,Montes,"September 23,  1956",51,"500 W. University Ave, El Paso, TX 79968",9157475014,1050,2050,3050,265.1,3838.72,-430.1,Montes*Ervey!987,ErveyMontes@disney.com,7928.0
Roberto,Carrasco,"September 15,  1940",73,"500 W. University Ave, El Paso, TX 79968",9157475036,1072,2072,3072,141.08,1423.99,-1101.52,Carrasco*Roberto!987,RobertoCarrasco@disney.com,7847.0
Belle,Disney,"July 5,  1943",21,"1313 Disneyland Dr, Anaheim, CA 92802",7147814636,1020,2020,3020,581.63,1417.08,-1608.53,Disney*Belle!987,BelleDisney@disney.com,9463.0
Alex,Avila,"January 15,  2010",38,"500 W. University Ave, El Paso, TX 79968",9157475001,1037,2037,3037,1471.94,4690.72,-1811.46,Avila*Alex!987,AlexAvila@disney.com,7742.0
Gaston,Disney,"May 12,  1953",25,"1313 Disneyland Dr, Anaheim, CA 92802",7147814636,1024,2024,3024,1327.54,4406.12,-936.19,Disney*Gaston!987,GastonDisney@disney.com,6665.0
Derek,Aguirre,"September 3,  1962",49,"500 W. University Ave, El Paso, TX 79968",9157475012,1048,2048,3048,676.64,328.0,-399.67,Aguirre*Derek!987,DerekAguirre@disney.com,5092.0
Ariel,Disney,"August 6,  1946",9,"1313 Disneyland Dr, Anaheim, CA 92802",7147814636,1008,2008,3008,320.83,3156.59,-1307.98,Disney*Ariel!987,ArielDisney@disney.com,5176.0
Daniel,U,"September 23,  1986",98,"500 W. University Ave, El Paso, TX 79968",9157475061,1097,2097,3097,1875.61,284.66,-1963.67,U*Daniel!987,DanielU@disney.com,4959.0
Daniel,R,"July 14,  1958",95,"500 W. University Ave, El Paso, TX 79968",9157475058,1094,2094,3094,46.94,3708.68,-1805.86,R*Daniel!987,DanielR@disney.com,9724.0
Daniel,Y,"November 29,  1958",102,"500 W. University Ave, El Paso, TX 79968",9157475065,1101,2101,3101,1724.81,3906.71,-1945.53,Y*Daniel!987,DanielY@disney.com,9499.0
Mickey,Mouse,"July 21,  1941",1,"1313 Disneyland Dr, Anaheim, CA 92802",7147814636,1000,2000,3000,2854.17,3940.92,-1132.03,Mouse*Mickey!987,MickeyMouse@disney.com,5122.0
Gavin,Baechle,"September 2,  1971",54,"500 W. University Ave, El Paso, TX 79968",9157475017,1053,2053,3053,1143.11,92.26,-157.78,Baechle*Gavin!987,GavinBaechle@disney.com,6016.0
Alfonso,Beltran,"August 4,  1967",39,"500 W. University Ave, El Paso, TX 79968",9157475002,1038,2038,3038,1068.87,3888.01,-80.83,Beltran*Alfonso!987,AlfonsoBeltran@disney.com,4511.0
Arae,Zarzosa,"May 3,  1975",43,"500 W. University Ave, El Paso, TX 79968",9157475006,1042,2042,3042,306.36,2663.39,-11.67,Zarzosa*Arae!987,AraeZarzosa@disney.com,7499.0
Daniel,C,"April 17,  1997",81,"500 W. University Ave, El Paso, TX 79968",9157475044,1080,2080,3080,250.05,557.56,-1910.77,C*Daniel!987,DanielC@disney.com,5016.0
Pinocchio,Disney,"April 2,  1983",30,"1313 Disneyland Dr, Anaheim, CA 92802",7147814636,1029,2029,3029,521.46,2450.4,-1643.23,Disney*Pinocchio!987,PinocchioDisney@disney.com,3516.0
Daniel,W,"February 4,  1989",100,"500 W. University Ave, El Paso, TX 79968",9157475063,1099,2099,3099,479.43,3165.21,-1249.36,W*Daniel!987,DanielW@disney.com,8041.0
Alberto,Miranda,"November 17,  1930",37,"500 W. University Ave, El Paso, TX 79968",9157475000,1036,2036,3036,328.97,4344.77,-589.8,Miranda*Alberto!987,AlbertoMiranda@disney.com,5916.0
Quasimodo,Disney,"August 16,  1944",32,"1313 Disneyland Dr, Anaheim, CA 92802",7147814636,1031,2031,3031,1455.23,4389.41,-755.12,Disney*Quasimodo!987,QuasimodoDisney@disney.com,4598.0
asd,asdf,"21",104,"f",1,0,2103,0,0.0,45.0,0.0,a,f,5000.0
